<?xml version="1.0" encoding="UTF-8"?>
<project-private xmlns="http://www.netbeans.org/ns/project-private/1">
    <editor-bookmarks xmlns="http://www.netbeans.org/ns/editor-bookmarks/2" lastBookmarkId="0"/>
    <open-files xmlns="http://www.netbeans.org/ns/projectui-open-files/1">
        <file>file:/C:/Users/Somalia/Desktop/Crud/module/Crud/src/Service/EmpManager.php</file>
        <file>file:/C:/Users/Somalia/Desktop/Crud/module/Crud/src/Controller/CrudController.php</file>
        <file>file:/C:/Users/Somalia/Desktop/Crud/module/Crud/src/Service/Factory/EmpManagerFactory.php</file>
        <file>file:/C:/Users/Somalia/Desktop/Crud/module/Crud/config/module.config.php</file>
        <file>file:/C:/Users/Somalia/Desktop/Crud/module/Crud/src/Form/AddForm.php</file>
        <file>file:/C:/Users/Somalia/Desktop/Crud/module/Crud/view/crud/crud/add.phtml</file>
        <file>file:/C:/Users/Somalia/Desktop/Crud/module/Crud/src/Controller/Factory/CrudControllerFactory.php</file>
    </open-files>
</project-private>
